p_k_percent,p_bb_percent,batting_avg,slg_percent,on_base_percent,hard_hit_percent,winning?
24,10.1,0.255,0.454,0.341,42.9,No
17.2,5.2,0.252,0.434,0.29,35.4,No
18.8,7.9,0.259,0.446,0.321,43.8,No
23.6,13.4,0.248,0.436,0.358,39.8,No
19,8.6,0.34,0.702,0.39,34.2,No
28.6,7.7,0.203,0.309,0.279,32.5,No
20,10,0.27,0.454,0.342,46.6,No
24.4,9.8,0.293,0.486,0.378,36.9,No
26.3,11.8,0.265,0.431,0.368,39.8,No
13.1,7.7,0.283,0.48,0.348,36.8,No
18,7.5,0.279,0.497,0.334,43.6,No
18.2,3.3,0.29,0.402,0.32,43.2,No
20,6.1,0.285,0.465,0.329,38,No
18.2,7.2,0.288,0.511,0.34,41.8,No
19.5,10.7,0.244,0.435,0.329,36.3,No
21.1,17.7,0.282,0.47,0.415,42,No
18.9,9.9,0.232,0.4,0.324,38.2,No
25.2,7.5,0.269,0.483,0.327,38.7,No
18.8,13,0.336,0.586,0.422,52.4,No
25.2,5.9,0.202,0.298,0.252,45.7,No
14.2,6.8,0.276,0.439,0.323,47,No
29.5,4.3,0.224,0.374,0.26,37.3,No
18.1,7.2,0.265,0.408,0.317,34.2,No
11.1,13,0.29,0.419,0.389,40.7,No
16.7,5.7,0.248,0.437,0.298,43.4,No
28.6,11.8,0.286,0.483,0.37,45.5,No
16.7,7.7,0.291,0.518,0.356,45.1,No
20.6,8.5,0.234,0.363,0.305,38.9,No
20.2,5.5,0.256,0.46,0.295,43.3,No
19.3,8.4,0.286,0.422,0.343,40.3,No
25.6,9.4,0.257,0.39,0.325,38.2,No
30.7,10.5,0.188,0.396,0.289,29.7,No
25.2,7.2,0.32,0.49,0.378,37,No
19.5,13.8,0.221,0.356,0.333,32.1,No
20,7.9,0.264,0.411,0.328,41.5,No
20.8,13.3,0.238,0.316,0.351,32.7,No
31.7,13,0.211,0.39,0.324,39.7,No
13,7.3,0.304,0.494,0.352,45.9,No
29.5,14.7,0.183,0.303,0.31,39.4,No
22.5,6.4,0.28,0.431,0.326,44.9,No
37.9,11.2,0.143,0.184,0.267,30.9,No
30.7,9.9,0.198,0.403,0.29,41.1,No
17.7,12.8,0.251,0.412,0.361,35.6,No
19.1,7.1,0.296,0.481,0.356,42.2,No
14.8,7.7,0.277,0.462,0.332,34.2,No
14.1,9.5,0.297,0.537,0.363,40.4,No
21.4,10.1,0.318,0.491,0.384,42.7,No
23.4,11.7,0.226,0.345,0.325,32.1,No
22.5,5.9,0.323,0.488,0.369,45.2,No
19,12.4,0.311,0.476,0.397,42.7,No
23.7,12.9,0.254,0.449,0.353,35.6,No
26.2,14.5,0.217,0.317,0.352,43.9,No
33.5,5.6,0.223,0.372,0.267,38.6,No
24.1,9.9,0.259,0.42,0.346,52.9,No
25.5,4.6,0.253,0.402,0.293,36.4,No
27,8.7,0.225,0.385,0.301,32.1,No
21.9,9.4,0.235,0.408,0.317,37.3,No
26.1,7.1,0.255,0.467,0.309,42,No
19.6,7.7,0.291,0.492,0.347,44.9,No
16.3,10.6,0.302,0.5,0.382,40.9,No
20.6,7.7,0.243,0.429,0.304,39.3,No
22.8,16.5,0.177,0.315,0.31,31.3,No
28.3,11.7,0.213,0.289,0.304,39.4,No
16.8,11.2,0.241,0.343,0.328,44.2,No
17.7,8.6,0.242,0.373,0.312,35.9,No
14.3,6.8,0.29,0.505,0.335,43.2,No
21.8,7,0.251,0.489,0.304,40.3,No
25.3,7.6,0.23,0.408,0.287,37.2,No
29.2,14,0.182,0.277,0.299,37.8,No
22.7,8.7,0.294,0.389,0.343,35.8,No
14.7,9.2,0.292,0.475,0.362,47.8,No
25.6,12.5,0.228,0.398,0.337,47.5,No
19.9,6.8,0.255,0.397,0.318,36.3,No
14.5,6.9,0.268,0.407,0.321,35,No
23,9.3,0.217,0.287,0.289,32.8,No
18.1,7.8,0.283,0.491,0.345,43.5,No
26.9,7.3,0.256,0.487,0.317,40.8,No
22.3,6.6,0.265,0.405,0.32,37.9,No
16.7,5.9,0.253,0.406,0.301,37.3,No
22.5,18,0.233,0.444,0.369,42.4,No
29.5,11.1,0.217,0.401,0.326,37.7,No
14.9,5.9,0.28,0.44,0.324,41.9,No
30.8,7.9,0.164,0.272,0.242,35,No
21.2,12.4,0.263,0.505,0.381,40.8,No
31.6,11.1,0.22,0.369,0.307,35.3,No
13.2,8.2,0.29,0.472,0.354,39.5,No
21.5,9.6,0.292,0.448,0.356,36.4,No
27.3,7.2,0.252,0.389,0.308,45.7,No
21.6,6,0.242,0.362,0.29,42,No
24.9,8.6,0.215,0.356,0.279,37.4,No
19.8,14.7,0.278,0.485,0.379,42.1,No
20.3,10.1,0.278,0.489,0.351,40.8,No
14.5,10.3,0.333,0.495,0.419,45.2,No
29.3,6.5,0.21,0.345,0.263,40.9,No
12.5,6.3,0.311,0.538,0.359,45,No
34.2,9.9,0.207,0.419,0.292,41,No
26.8,11.1,0.198,0.317,0.291,41.3,No
17.3,10.6,0.295,0.614,0.373,39.8,No
32.1,6.7,0.21,0.401,0.266,43.1,No
19.3,5.5,0.231,0.462,0.303,43.3,No
15.9,8.3,0.2,0.343,0.268,33.9,No
19.1,11.9,0.212,0.374,0.306,30.4,No
24.8,12.6,0.217,0.401,0.324,29.1,No
21.4,7.5,0.269,0.48,0.322,39,No
20.5,10.6,0.248,0.444,0.336,39.6,No
24.2,11.8,0.251,0.525,0.345,43.4,No
29,14,0.205,0.253,0.32,30.9,No
23.9,6.6,0.234,0.426,0.288,39.2,No
15.7,9.9,0.246,0.39,0.342,42.5,No
26.6,7.3,0.232,0.372,0.293,42.3,No
23.8,10.9,0.233,0.437,0.331,35,No
23.2,7.9,0.266,0.521,0.337,43.3,No
27.4,7,0.277,0.437,0.327,33.6,No
28.6,8.3,0.25,0.43,0.317,41.8,No
26.4,7.9,0.232,0.393,0.294,38.7,No
15.2,13.9,0.252,0.465,0.373,37.4,No
26.1,7,0.343,0.619,0.391,47.9,No
12.5,9.6,0.333,0.722,0.413,47.4,No
21.1,15.8,0.213,0.373,0.374,25.2,No
24.4,7.1,0.279,0.461,0.327,43.5,No
19.3,6.7,0.234,0.418,0.297,40,No
19.7,8.5,0.245,0.415,0.316,41,No
26,12.2,0.209,0.309,0.314,34.8,No
23.2,8.4,0.232,0.42,0.299,33.8,No
19.7,8.2,0.178,0.287,0.259,28.2,No
19.5,9.7,0.226,0.376,0.325,36.5,No
25,6.1,0.218,0.348,0.278,33.2,No
17,15.2,0.309,0.543,0.411,36.8,No
21.2,8.6,0.253,0.491,0.325,38.5,No
13.5,7.3,0.281,0.6,0.348,49.6,No
23.9,10.3,0.235,0.431,0.316,35.5,No
20.1,6.1,0.344,0.613,0.38,38.2,No
17.6,10.8,0.364,0.784,0.431,50,No
34,12.1,0.176,0.286,0.298,27.8,No
23,8,0.277,0.515,0.327,33.3,No
27.1,7.2,0.213,0.364,0.286,38.5,No
13.7,7.5,0.322,0.596,0.373,38.2,No
31.9,9.6,0.223,0.364,0.305,38.8,No
21,8.9,0.227,0.374,0.298,34.5,No
31.8,5.6,0.228,0.4,0.272,25.6,No
27.5,13.3,0.238,0.416,0.342,30,No
25.8,8.6,0.27,0.504,0.336,39.8,No
34.6,6.7,0.189,0.306,0.253,36.2,No
20.8,8.4,0.285,0.489,0.351,40.2,No
21.7,8.1,0.275,0.466,0.332,40.6,No
21.9,10.1,0.22,0.327,0.313,44.4,No
14.3,5.9,0.248,0.385,0.303,31.5,No
28.4,13.5,0.249,0.449,0.349,47.2,No
27.9,8.7,0.229,0.357,0.297,28.4,No
13.4,14.6,0.246,0.405,0.376,36.1,No
20.9,8.5,0.287,0.478,0.353,37.5,No
22.4,11,0.28,0.524,0.362,39,No
18.8,10.9,0.295,0.534,0.386,33.3,No
20.9,9.5,0.214,0.389,0.297,28.7,No
30.2,16.1,0.211,0.379,0.347,30.8,No
22.7,4.4,0.224,0.427,0.263,37.8,No
22.2,7.8,0.293,0.455,0.348,39.6,No
19.9,9.7,0.28,0.589,0.352,46.7,No
23.7,6.1,0.227,0.353,0.28,34.3,No
11.8,5.3,0.31,0.554,0.346,55.6,No
27.9,7.2,0.219,0.394,0.276,34.2,No
16.3,5.5,0.275,0.424,0.32,39.3,No
16.4,11.2,0.316,0.515,0.397,47.1,No
24,11,0.216,0.311,0.307,45.4,No
25.9,9.9,0.215,0.349,0.3,35.4,No
22.8,10,0.195,0.268,0.274,40,No
22,7.7,0.252,0.402,0.31,34.7,No
25.4,14.2,0.189,0.299,0.32,33.9,No
23.2,9.2,0.21,0.366,0.28,49.2,No
30,16.4,0.176,0.294,0.315,34.5,No
23.8,8.7,0.286,0.482,0.357,45.9,No
22.4,3.6,0.276,0.461,0.305,39.2,No
29,5.4,0.192,0.365,0.237,41.1,No
14.9,5.7,0.319,0.534,0.366,51.1,No
32.2,7.3,0.194,0.354,0.266,38.6,No
16.8,6.6,0.291,0.451,0.344,39.3,No
34.6,8.9,0.195,0.285,0.292,26.5,No
22.2,10.2,0.234,0.446,0.329,48.6,No
22.8,11,0.214,0.411,0.307,39.8,No
20.3,8.4,0.27,0.439,0.338,42.9,No
23.6,8.2,0.316,0.469,0.391,48.6,No
25.8,9,0.226,0.349,0.294,35.2,No
15.9,10.3,0.296,0.409,0.383,40.5,No
20.9,9.5,0.247,0.424,0.32,38.3,No
29.4,7.3,0.237,0.433,0.312,47,No
17.5,11,0.307,0.538,0.386,39.9,No
15.5,15.5,0.221,0.365,0.349,50,No
21.7,13.4,0.26,0.475,0.369,35,No
17.1,8,0.245,0.394,0.317,38,No
26.5,6,0.234,0.332,0.289,38.8,No
23.6,6.2,0.265,0.529,0.316,39.4,No
39.4,9.1,0.176,0.339,0.25,40.9,No
20.1,7.2,0.291,0.436,0.34,43.3,No
22.6,12.8,0.233,0.408,0.333,44.8,No
21.6,4.8,0.269,0.445,0.301,42.7,No
26.2,5.1,0.219,0.349,0.263,30.3,No
21.2,10.9,0.276,0.501,0.361,37.1,No
23.1,11.6,0.251,0.404,0.34,39.2,No
27.5,6.2,0.233,0.385,0.292,33.3,No
19.3,6.2,0.255,0.429,0.306,39.2,No
15.3,9.7,0.33,0.514,0.403,44,No
27.5,6.7,0.217,0.386,0.273,36.1,No
21.5,9.9,0.308,0.423,0.388,33.8,No
35.6,5.2,0.201,0.273,0.248,30.5,No
21.5,12,0.252,0.445,0.355,37.2,No
27.7,8.4,0.234,0.396,0.306,34.9,No
24,10.9,0.268,0.545,0.357,36.6,No
17.1,13.6,0.252,0.37,0.364,31.6,No
27.5,11.7,0.194,0.383,0.293,42.3,No
25.3,5,0.258,0.489,0.296,42.2,No
14.6,9.3,0.241,0.436,0.318,42.5,No
17.4,9.2,0.229,0.354,0.312,35.9,No
17.2,11.2,0.19,0.27,0.293,38.3,No
26.9,6.7,0.224,0.418,0.282,43.6,No
21.7,9.4,0.298,0.496,0.384,52.7,No
21.8,11.7,0.233,0.399,0.319,28.8,No
21.6,11,0.216,0.31,0.31,33.8,No
14,7.6,0.307,0.474,0.364,41.8,No
22.4,11.2,0.254,0.406,0.348,40.4,No
24.1,7.4,0.278,0.536,0.343,47.2,No
15,9.4,0.292,0.504,0.362,44.2,No
17.8,5.6,0.234,0.31,0.294,38.2,No
22.5,13.3,0.201,0.332,0.321,37.5,No
23.3,15.8,0.247,0.505,0.392,47.8,No
31.4,5.4,0.193,0.386,0.235,43.7,No
18.1,8.1,0.256,0.538,0.322,43.7,No
11.8,3.8,0.233,0.395,0.262,30,Yes
15.6,5.7,0.344,0.58,0.383,48.2,Yes
27.1,8.3,0.192,0.267,0.256,41.9,Yes
31.1,8.8,0.175,0.364,0.247,46.4,Yes
23.2,9.9,0.221,0.371,0.297,38.7,Yes
19.9,8.2,0.261,0.406,0.32,36.5,Yes
25.4,5.6,0.241,0.425,0.29,44.6,Yes
14.5,8.8,0.285,0.478,0.346,37.2,Yes
24,6,0.223,0.365,0.276,39.4,Yes
19.6,8,0.193,0.285,0.258,30.1,Yes
20,7.6,0.257,0.395,0.319,31.8,Yes
22.3,9.4,0.228,0.316,0.302,36.5,Yes
28.7,18,0.235,0.336,0.38,34.6,Yes
17.8,8,0.272,0.428,0.334,35,Yes
17,2.3,0.327,0.55,0.344,39.4,Yes
24.3,4.2,0.196,0.33,0.234,46.2,Yes
17.5,10.4,0.222,0.406,0.301,36.1,Yes
29.3,8.3,0.207,0.351,0.285,39.9,Yes
23.4,3.7,0.235,0.384,0.268,36.1,Yes
25.7,12.7,0.239,0.374,0.351,30.1,Yes
23,7.4,0.218,0.358,0.286,33.9,Yes
19.2,4.6,0.265,0.453,0.299,46.7,Yes
15.8,7.1,0.217,0.279,0.271,32.8,Yes
22.3,6.1,0.252,0.447,0.302,35.9,Yes
24.9,8.4,0.24,0.336,0.308,37.5,Yes
31.2,9.4,0.192,0.332,0.282,35.1,Yes
22.7,8.9,0.287,0.455,0.351,42.5,Yes
31.7,9.2,0.219,0.4,0.308,34.3,Yes
20.2,6.4,0.242,0.439,0.3,38.5,Yes
19.2,11.7,0.267,0.446,0.358,38.3,Yes
26.2,6.8,0.231,0.512,0.289,45.4,Yes
17.9,4.1,0.267,0.457,0.305,28.2,Yes
26.6,11,0.235,0.47,0.326,42.8,Yes
29.4,9.8,0.211,0.333,0.284,38.7,Yes
32.4,5.2,0.208,0.297,0.248,40.4,Yes
28.4,6.6,0.269,0.419,0.333,32.2,Yes
26.4,8.1,0.199,0.364,0.276,41.5,Yes
42.3,2.6,0.174,0.318,0.199,40.1,Yes
27.5,8.2,0.174,0.286,0.258,34.5,Yes
16.9,4,0.243,0.328,0.282,32,Yes
26.7,9.1,0.265,0.531,0.339,44.2,Yes
19.6,2.7,0.241,0.335,0.267,39.6,Yes
23.7,5,0.267,0.443,0.302,39.4,Yes
35.7,7.6,0.211,0.405,0.267,43.7,Yes
31.2,9,0.227,0.401,0.297,34,Yes
30.7,12.5,0.186,0.355,0.3,43.2,Yes
27.5,10.3,0.248,0.435,0.328,39.4,Yes
31.7,8.6,0.182,0.374,0.257,41.3,Yes
23.9,6.7,0.175,0.25,0.246,27.8,Yes
20.4,5.3,0.258,0.435,0.298,41.6,Yes
39.9,15.6,0.182,0.359,0.317,40,Yes
33.2,13.6,0.176,0.352,0.294,40.7,Yes
29.1,5.4,0.215,0.321,0.263,28.5,Yes
19.8,10.7,0.238,0.354,0.345,36.2,Yes
18.9,6.9,0.228,0.383,0.28,39.2,Yes
31.8,14.8,0.212,0.399,0.347,45.4,Yes
19,8,0.286,0.51,0.34,41.2,Yes
17.2,10.5,0.308,0.478,0.399,38.4,Yes
21.6,8.5,0.237,0.41,0.313,36.7,Yes
28.9,7.5,0.232,0.401,0.293,39.2,Yes
25.7,12,0.189,0.329,0.293,42.2,Yes
16.6,6.1,0.26,0.527,0.314,43,Yes
24.4,9,0.245,0.42,0.32,38.2,Yes
23.2,7.3,0.238,0.422,0.299,40.4,Yes
22.3,8.4,0.225,0.4,0.294,39.4,Yes
22.2,7.7,0.287,0.462,0.343,37.9,Yes
16.7,13,0.294,0.552,0.391,49.6,Yes
27.2,14.2,0.202,0.369,0.314,35,Yes
24,7.1,0.254,0.48,0.316,38.7,Yes
28.7,8.1,0.207,0.35,0.287,34,Yes
28.4,8.9,0.207,0.319,0.276,39.8,Yes
27.9,14.7,0.234,0.351,0.363,35.5,Yes
23.5,6.4,0.244,0.407,0.294,44.1,Yes
19,11.6,0.2,0.324,0.306,52.4,Yes
28.8,18,0.144,0.231,0.345,42.4,Yes
26.4,9.1,0.241,0.408,0.315,36.8,Yes
37.8,9,0.206,0.357,0.284,41.4,Yes
26.5,9.8,0.234,0.417,0.313,40.4,Yes
29.7,9.2,0.223,0.328,0.297,36.8,Yes
19.5,12.2,0.206,0.411,0.301,39.3,Yes
21.9,10.9,0.237,0.331,0.328,23.3,Yes
25.9,7.4,0.245,0.476,0.306,45.1,Yes
26.7,9.9,0.206,0.284,0.295,34.8,Yes
20.2,10.1,0.293,0.485,0.375,43.5,Yes
25.9,11.1,0.237,0.505,0.324,40.3,Yes
20.2,14,0.189,0.368,0.316,43.8,Yes
33.6,9.9,0.181,0.31,0.265,33.8,Yes
30.9,12.5,0.214,0.375,0.315,42.3,Yes
35.2,7.8,0.216,0.444,0.274,36.3,Yes
23.8,8.1,0.204,0.307,0.267,50.2,Yes
20.1,11.3,0.256,0.372,0.34,34.6,Yes
20.7,6.2,0.233,0.33,0.295,39.4,Yes
28.7,11,0.246,0.322,0.34,44.7,Yes
18.7,7.6,0.296,0.422,0.36,34.2,Yes
25.3,6.7,0.196,0.38,0.253,40.3,Yes
36.2,7.9,0.176,0.319,0.241,46.8,Yes
18.7,14.5,0.233,0.368,0.35,38.5,Yes
28.2,9.7,0.237,0.399,0.313,38.3,Yes
21.1,12.8,0.229,0.34,0.332,36.6,Yes
29.7,8.9,0.176,0.275,0.248,27.4,Yes
39,9.2,0.2,0.371,0.287,35.1,Yes
22.2,8.7,0.232,0.393,0.303,40.5,Yes
24.5,9.3,0.202,0.346,0.296,36.5,Yes
27.5,9,0.18,0.253,0.284,35.3,Yes
21.7,6.4,0.214,0.333,0.273,38,Yes
25.5,9.8,0.233,0.367,0.309,36.9,Yes
23.8,11.3,0.266,0.467,0.347,41.3,Yes
19.2,9.4,0.29,0.491,0.356,42.9,Yes
19.6,7.6,0.234,0.373,0.3,34.5,Yes
26.2,13.7,0.227,0.429,0.339,42.8,Yes
22.7,14.1,0.25,0.435,0.352,53.1,Yes
33.1,8.1,0.229,0.373,0.299,43.6,Yes
21.6,11.2,0.243,0.313,0.351,36,Yes
27.1,18.7,0.213,0.325,0.382,43.3,Yes
26.6,9.4,0.233,0.413,0.31,43,Yes
27.7,10.4,0.291,0.534,0.376,40.8,Yes
24.8,9.7,0.192,0.397,0.279,40.6,Yes
26.8,12.5,0.234,0.383,0.327,41.7,Yes
27.3,10.2,0.183,0.294,0.273,45.4,Yes
35.2,15.2,0.158,0.267,0.312,41.4,Yes
24.4,5.7,0.215,0.281,0.265,24.1,Yes
15.7,4.8,0.287,0.421,0.327,42.7,Yes
22.4,9,0.281,0.414,0.358,37.6,Yes
45.5,10.7,0.127,0.193,0.228,30.2,Yes
15.6,12.1,0.202,0.37,0.305,32,Yes
25.6,7.9,0.194,0.255,0.266,30.9,Yes
22.9,11.6,0.241,0.456,0.342,45,Yes
21.6,9.2,0.279,0.441,0.346,29.5,Yes
37.7,4.4,0.207,0.367,0.242,33.8,Yes
30,5,0.168,0.347,0.21,30.8,Yes
33.5,13.7,0.126,0.296,0.255,34.9,Yes
28.5,9.2,0.197,0.35,0.28,39.7,Yes
23.7,11.9,0.288,0.503,0.373,36.3,Yes
17.7,9.3,0.263,0.469,0.333,38.7,Yes
21.5,12.1,0.269,0.462,0.355,29.6,Yes
22.3,8.4,0.275,0.427,0.344,43.5,Yes
23,7.5,0.274,0.478,0.333,44.5,Yes
27.6,6.7,0.211,0.366,0.276,36,Yes
27.1,16.7,0.206,0.388,0.367,33.6,Yes
19.6,10.4,0.297,0.457,0.374,45,Yes
23.1,8.8,0.223,0.424,0.295,35.7,Yes
27.1,5.7,0.206,0.309,0.262,32.6,Yes
